Content,Video title,Video publish time,Views,Watch time (hours),Subscribers
Total,,,191389,566.8788,496
VLP3kKeNYzo,Is he a 🌄 cat or night 🦉? | #catofegypt #shorts #cats,"Sep 27, 2022",28631,85.4885,62
t6BXkEw6L9I,Cat of Egypt: Carrying Your Love with me | #catofegypt #shorts #cats #carryingyourlove,"Aug 17, 2022",18977,44.922,38
HYUesufltL8,"Cat of Egypt: Hello, mom you forgot to refill my treats | #catofegypt #shorts #cats","Sep 23, 2022",9701,26.7575,29
veIUCvSYkos,Put an Ice cube on your pet to see their Reaction|#shorts #catofegypt #cats #reaction,"Sep 3, 2022",5259,20.945,8
Nngda4gKb18,Cat of Egypt remixes Usher's beat | #catofegypt #shorts #cats,"Sep 15, 2022",4506,15.3169,32
qkD5eaavm00,Cat of egypt: Cat starts scratching | #catofegypt #shorts #cats,"Aug 26, 2022",4912,13.9302,17
4eJ5GPfN0fI,It's SPOOKY SZN 👻🎃😈  Will you choose him? | #catofegypt #shorts #cats,"Oct 25, 2022",4159,12.7688,17
WsU_RsRZuyQ,Mom be going gaga😭 when she can't find her only comfort 🐱| #catofegypt #shorts #cats,"Oct 14, 2022",3349,9.0439,9
7OcxYMxXGsQ,Cat of Egypt: I don't Love You...| #catofegypt #shorts #cats,"Sep 18, 2022",2072,8.6172,3
IOi_EsZesRs,Cat of Egypt's trick to win people over | #catofegypt #shorts #cats,"Sep 29, 2022",3511,8.4731,15
XhY2jh1fhz4,POV: Your caet listens to you🥰♥️🥺🤌 | #shorts #catofegypt #cats,"Nov 7, 2022",2652,8.0543,11
NsvrxePM5cQ,Cuteness of Caet= Aggressive Petting 😤♥️🤌 | #catofegypt #shorts #cats,"Oct 16, 2022",3134,7.8076,2
9_Iz3f7_-M4,He is cute but...| #catofegypt #shorts #cats,"Sep 30, 2022",3685,7.7903,25
3lmo6PLQbfs,Just when I thought I could outsmart him😤| #catofegypt #shorts #cats,"Oct 1, 2022",2209,7.2151,10
SqNMhtdI0BM,Cat of Egypt: Indulges in playing?| #catofegypt #shorts #cats,"Sep 1, 2022",2505,7.0954,6
YfENoLa3Akk,Cat of Egypt: is unbothered about everything😊 | #catofegypt  #shorts  #cats,"Sep 24, 2022",1990,6.9904,10
J4Od7VZhEVw,Cat of Egypt: Slay×Krono dancin remix| #catofegypt #shorts #cats #krono #dancinkronoremix,"Apr 3, 2022",1680,6.9824,5
HFgeBV1JxNw,Cat of Egypt: If you Hate cats...| #shorts #catofegypt #cats #tiktok #catvideos,"Apr 24, 2022",2195,6.886,5
FpfzTjw8fcg,Demon kitty👿💥 | #shorts #catofegypt #cats,"Oct 4, 2022",1859,6.8436,9
PrlQrkolB4k,Truth has been spoken 😤🤫 | #catofegypt #shorts,"Oct 28, 2022",1690,6.6098,4
o85B1rqW7fY,Cat V/S Brush | #catofegypt #shorts #cats,"Aug 29, 2022",2029,6.5455,9
2DKvv1sz0Cw,Cat of Egypt: 99% Angel but 1% Trouble | #catofegypt #shorts #cats,"Sep 5, 2022",2136,6.399,7
-5uwBSzaZAM,"Cat of Egypt: He shows emotion, mostly violence 🥲 | #catofegypt #shorts #cats","Sep 8, 2022",2317,6.2093,8
 -RajvrHilfw,Cat of egypt: Evidence of him being a cow | #catofegypt #shorts #cats,"Sep 26, 2022",1802,6.0218,9
gRynxbt2uko,The number you're trying to call is currently meowing 🥰🐱😍 | #shorts #catofegypt #cats,"Nov 7, 2022",2452,5.5092,3
Ttr13Mvjx6U,"Cat of Egypt: You don't rule the rules, I Do | #catofegypt #shorts #cats","Sep 13, 2022",2032,5.4743,4
2MmHajTZ_eU,Cat of Egypt: wants kisses on face or not? | #catofegypt #shorts #cats,"Sep 17, 2022",1240,5.4704,4
ZMzi5kjI7yw,Watch catto turn into😳😱😈...| #catofegypt #shorts #cats,"Nov 5, 2022",1922,5.3187,3
sr910CspQAQ,ninuninuninu🐱♥️ | #catofegypt #shorts #cats,"Oct 26, 2022",1911,5.2841,15
IdtlnEILIiI,CAT OF EGYPT TURNED INTO COW? | #catofegypt,"Sep 21, 2022",846,5.2081,3
AXsvHXetsJw,Oscar has no business being this Adorable😤🥺🤌 | #shorts #catofegypt #cats,"Nov 10, 2022",1658,5.0786,3
GK3idE5YL90,"Preparations been made, he's waiting🐱 | #catofegypt #shorts #cats","Oct 5, 2022",2029,5.003,9
oLN21Y_u09U,Cat Gods of Egypt: This audio is supposed to remind the cat that they were worshipped in Egypt.,"Sep 30, 2021",1359,4.9746,6
5m9kAXl9bt0,Cat of Egypt: Doing nothing does the trick! | #shorts #cats #catofegypt #tiktok,"Jan 4, 2022",1068,4.9732,6
JQ4_816hmiU,Cat of Egypt: Edamame version| #shorts #cats #catofegypt #edamame #bbno #richbrian,"Nov 17, 2021",1631,4.9054,0
SB43Za4Pb5A,Cat of Egypt's secret tip to Look Stunning in just 3 Seconds| #catofegypt #shorts #diy,"Sep 10, 2022",1740,4.711,5
yYg_fH-36wk,Cat of Egypt's reaction to today's match | #catofegypt #yt20 #shorts,"Oct 23, 2022",1500,4.491,3
UJUowbgLYkE,Cat of Egypt: When Your Cat sits like a Loaf| #catofegypt #shorts #catvideos #trending,"May 5, 2022",1799,4.2696,7
HVoNl3LrkhU,Cat of Egypt wishes you Happy Belated Birthday 🎂 | #shorts #catofegypt #cats,"Sep 19, 2022",1432,4.1978,4
hlDAtGi5lig,Cat of Egypt: wishes you blow the candles 🕯 | #catofegypt #shorts #happybirthday,"Sep 20, 2022",1257,4.138,8
ZchM3TZimoY,Ayo Wassup Bro 🐱| #catofegypt #shorts #cats,"Oct 8, 2022",1661,3.9837,5
gLsEhm1V3MA,Cat of Egypt: Cat Encounters Dog 🐕 |#shorts #oscarthecat #catofegypt,"Oct 11, 2021",1207,3.9726,4
TK_2_NJvvCE,Please Give detailed report on him 🐱| #catofegypt #shorts #cats,"Sep 4, 2022",1221,3.9314,3
OuUxZJuh4is,A message from your cat of egypt🐱♥️ | #catofegypt #shorts #cats,"Nov 2, 2022",1226,3.8141,6
2yt5gwsSCbY,This Catto is A part time Therapist🧘‍♀️😍🥰| #catofegypt #shorts,"Nov 4, 2022",947,3.8068,4
NjmPGmLlPxQ,Cat of Egypt: Oscar is the Drama #shorts #oscarthecat,"Oct 6, 2021",1280,3.6902,4
jx9-a2PEfi4,Cat of Egypt's life mantra for Reducing Stress🤌 |#cats #catofegypt #shorts,"Sep 25, 2022",1208,3.6425,6
cxka0OI9UcQ,Here's your Daily dose of Serotonin | #catofegypt #shorts,"Oct 29, 2022",700,3.3727,5
r1LQbo5YJmc,Cat of Egypt: Emotional Prism|#shorts #emotionalprism #cats #catofegypt #trend,"Dec 23, 2021",1288,3.3155,3
rKqmkptzXl8,Cat of Egypt can feel it coming more than Weeknd 🌚 | #catofegypt #shorts #cats #tgif,"Sep 29, 2022",1347,3.2684,7
 -hBbly6unVA,The CAT went ANGRY 😠 😡 👿 MODE | #angrycat #shorts #cats,"Nov 6, 2022",1095,3.0542,3
I8yLmTqraOU,Sometimes He go to sleep & he cry🐱 | #catofegypt #shorts,"Oct 22, 2022",1239,2.9546,4
pUkKL45DamQ,Send This to someone you Love❤💖🐱| #shorts #catofegypt #cats,"Nov 6, 2022",941,2.9541,4
FvO-kjaq4vA,Cat of Egypt: It's time for A Loaf Check | #catofegypt #shorts #cats,"Aug 25, 2022",953,2.9109,0
u2wDRkO8Ars,They call me Cat of Egypt AKA Thug Life Coach | #catofegypt #shorts #cats,"Sep 22, 2022",1078,2.8666,1
dDt4IEL-k2s,Doctor said: No more monkeys...| #catofegypt #shorts #cats,"Oct 17, 2022",406,2.7703,1
t0o6_0XSIGs,Cat of egypt: Hits you with that blink | #catofegypt #shorts #cats,"Oct 19, 2022",1229,2.7457,0
VKhDyFxMYpc,Cat of Egypt: His paws adorable his Face adorable|#shorts #cats #catofegypt #oscarthecat,"Oct 28, 2021",815,2.7439,5
LHWqYe7DxfA,Cat of Egypt: That's not my Name| #shorts #catofegypt #cats #kitty  #thatsnotmyname,"Feb 7, 2022",879,2.7264,1
mJsYjNIBEms,Cat of Egypt: Cat in Squid Game with Shinigami eyes| #shorts #squidgame #catofegypt #shinigami #cats,"Oct 23, 2021",899,2.7013,1
kQB2vEsbQRI,Cat of Egypt: A montage ♥️🤌 | #catofegypt #shorts,"Oct 9, 2022",1049,2.6249,6
eWD7aWIdBEw,Cat of Egypt: Send this to your Fren Now ! #catofegypt  #shorts #cats,"Sep 13, 2022",842,2.57,1
xoeboeTExPU,A catto sleeping in its cozy position like a baby❣| #catofegypt #shorts #cats,"Oct 21, 2022",1054,2.5361,3
ZBC9AjReAhc,Cat of Egypt: He's 99% Correct about this one | #catofegypt #shorts #cats,"Sep 26, 2022",794,2.5164,1
MxdzdlR_fNM,Cat of Egypt: You can have my Sunshine| #catofegypt #shorts #cats #sunshine,"Aug 31, 2022",1237,2.4873,1
bVqPAPheNrQ,Cat of Egypt is Photobooth Trendsetter y'all 😎💥 | #catofegypt #shorts #cats,"Sep 24, 2022",828,2.481,3
v_YhASeYB5Q,"Cat of Egypt: Hooman, open the door! | #catofegypt #shorts #cats #kitty","Aug 22, 2022",853,2.431,6
3fDFoV6Jpvk,Cat of Egypt: Cat does ASMR || #catofegypt #shorts #cats #asmr #asmrsounds #catasmr #mukbang,"Aug 1, 2022",664,2.2467,1
XgwxjJBOnlM,Cat Of Egypt's Silhouette Beats Doja Cat too| #catofegypt #shorts #cats #silhouette,"Sep 11, 2022",907,2.1838,5
0XQga31AsBM,Cat of Egypt: He's a 10 but he he sleeps like this🐱 | #catofegypt #shorts #hesmine #hesa10but #reels,"Aug 23, 2022",491,2.1431,1
KyvlpwfLsjA,Cat of Egypt: Cat's Coziest Weekend plans? | #catofegypt #shorts #cats,"Sep 9, 2022",945,2.1163,3
7JZR-UJo4b0,Cat of Egypt: Catto on a Rolling Streak | #catofegypt #shorts #cats,"Sep 7, 2022",704,2.0544,2
ImPAvEyZMAA,Catto turns Into a real Life Angel👼😭♥️ | #catofegypt #shorts #cats,"Oct 23, 2022",611,2.0476,2
ohw1NQPAFag,Catto looks at you in the end👁 | #catofegypt #aparichit #shorts #cats,"Oct 6, 2022",704,1.9288,5
O_eYQ3y5N8c,He really is a hungry boi 🐱🤠 | #catofegypt #cats #shorts,"Oct 15, 2022",497,1.8666,6
kH2nImVcPQo,Cat of Egypt: Hello my name is Zuzie | #catofegypt #shorts #cats #hellomynameiszuzie,"Sep 2, 2022",573,1.8628,1
86H45vQK880,You're A Chonkosaurus Rex | #catofegypt #shorts #cats,"Aug 28, 2022",619,1.8033,4
w0lrwfTvfN4,Cat of Egypt: Pair this audio with last video of your pet| #shorts #catofegypt #cats #reels #viral,"Jun 27, 2022",600,1.7668,1
h2bGMFc89G0,A message for your Neighborhood cats 🐈 😻 🐈‍⬛ ♥ | #catofegypt #shorts #cats,"Nov 6, 2022",581,1.7422,2
FjAiEALFXNs,LOOK AT THE WAY HE'S SITTING Yeahhhhhhh😚 | #catofegypt #shorts,"Oct 27, 2022",592,1.6646,2
DsydYJzIDSQ,Cat of egypt: I'm not addicted to anything but🤌 | #catofegypt #shorts #cats,"Sep 8, 2022",666,1.5523,0
ddJsE5aPrME,Relax & look at how his photoshoot went🔥🐱 | #catofegypt #shorts #cats,"Oct 18, 2022",621,1.4769,3
lVBKBEbJubQ,Cat of egypt: Somebody's watching me| Halloween| #shorts #halloween #somebodyswatchingme #catofegypt,"Oct 30, 2021",469,1.4531,1
DWsW-_WE6bU,Cat of Egypt: POV: When He's a 100/10💥 | #catofegypt #shorts #cats #kissmemore #dojacat,"Aug 21, 2022",544,1.4244,7
viNtu8xVyZk,Cat of Egypt: Raising a Toast to the boi I love the most in the whole 🌎- Oscar! #shorts,"Oct 5, 2021",428,1.4151,2
MqEA-eNoHy4,Mr.Caet's pictures to be put on Great art wall🥰♥️💥 | #shorts #catofegypt #cats,"Nov 8, 2022",416,1.3515,1
 -cYO-XAL4G4,CAT OF EGYPT CAUGHT DOING IT AGAIN!!!,"Oct 13, 2022",173,1.2118,1
UAWxQWIxtf0,Let me show you...Abracadabra🤌🐱♥️ | #catofegypt #shorts #cats,"Oct 20, 2022",402,1.1781,0
xg9DIUozN_I,The caet is inviting you to a VIBING SESSION🤠... | #catofegypt #shorts,"Oct 27, 2022",320,1.151,1
FXjcjNsVlWw,Cat of Egypt: Run Meme cat Remake| #shorts #cats #catofegypt #run #runmeme #memes,"Apr 26, 2022",458,1.1479,0
YxvyfgOsgag,Cat of Egypt: Cat V/S Brush Part #2 | #catofegypt,"Aug 27, 2022",220,1.1435,0
TU85QHwh6II,Cat of Egypt: It's Cat's World. || #catofegypt #shorts #cats #meow,"Aug 11, 2022",415,1.0323,2
tQbmAAPf8ms,Cat of Egypt: Cat in Peekaboo Portraits| #shorts #swimmingpool #cats #catofegypt #peekaboo,"Jan 16, 2022",346,0.9895,0
McodcchlKH4,Cat of Egypt: Hooman I want food! || #catofegypt #shorts #cats #pets,"Aug 6, 2022",327,0.9614,5
MFFupoT7vjA,Cat of Egypt: Pov: You're my Hooman| #catofegypt #cats  #nokiaringtone #pov #shorts #kitty,"Jul 19, 2022",431,0.9016,0
d4IFq3BFn2A,Move your phone accordingly & see what happens... | #catofegypt #shorts,"Oct 31, 2022",278,0.848,2
Fo6Yk2-NnZ4,Cat of egypt: Cat V/S Bed Part #1 | #catofegypt,"Dec 29, 2021",115,0.8434,1
LqEfovqt87M,Cat of Egypt: Day in the life of Oscar Part 01| #catofegypt #dayinmylife #shorts #cats #vlog #kitty,"Jul 23, 2022",118,0.8189,1
bh7uOFGl4mU,Cat of Egypt: Chillin' with da homies || #catofegypt #shorts #cats #zoom,"Aug 8, 2022",62,0.7056,0
AvvzmNtEHO4,Cat of Egypt : Cat Mom is having a crisis🥰 | #catofegypt #shorts #cats,"Sep 28, 2022",242,0.7041,1
JzqeO8EnZF4,POV: You decide to stay in instead of going out🐱 | #catofegypt #shorts #cats,"Nov 1, 2022",329,0.6859,1
AhUVLAf3DBE,Cat of Egypt: POV: Your Cat hacks into your Phone|| #catofegypt #shorts #cats,"Aug 13, 2022",283,0.6794,2
Ulbw621AM2I,"Cat of Egypt: I'm not lazy, I just don't feel like doing anything| #shorts #oscarthecat #catofegypt","Oct 17, 2021",185,0.6733,2
PzmPJgy7hRA,This is Cat of Egypt's Daily Affirmation🧘‍♀️🐱💥 | #catofegypt #shorts #cats,"Oct 8, 2022",156,0.6693,2
55FdDt4gDVE,CAT OF EGYPT MEOWS IN EGYPTIAN? | #catofegypt #shorts #cats #god,"Sep 12, 2022",212,0.6598,1
HPdOFUPjVzk,Cat of Egypt meowing captured on camera🐱🥰 | #shorts #cats #meow,"Oct 3, 2022",221,0.6528,2
MKkATlHj_YA,Cat of Egypt: Gangster kitty😼| #shorts #catofegypt #gangsterkitty #kitty,"Dec 10, 2021",174,0.6106,0
y37GReFVzkM,He has a great talent for..🤦‍♀️💥 | #catofegypt #shorts #cats,"Oct 20, 2022",201,0.5756,0
ogTqPVd5sZk,A FRIENDLY REMINDER FROM CAET 🤣🤣🤣| #catofegypt #shorts #cats,"Nov 5, 2022",242,0.4717,1
pSBwmxS6KhQ,Cat of Egypt: I'm lazy & I know it | #catofegypt #shorts #lazy #cats,"Aug 19, 2022",138,0.4492,0
lQ394CTkW_Q,Cat of Egypt: Just flipped the Switch |#catofegypt #shorts #cats #fliptheswitch #drake,"Aug 30, 2022",156,0.415,0
urvVndzwdLc,Ankhon ki Gustakhiyan Maaf Ho | #catofegypt #shorts #cats #ankhiyan,"Sep 14, 2022",153,0.4124,0
Zr-AM6abaEg,"Cat of Egypt: I'm sorry for you, I'm taken| #shorts #cats #catofegypt #catvideos","Jan 11, 2022",74,0.4077,0
DRoGi8BU0k8,This family makes me want to 🗡 people. #shorts #catofegypt,"Oct 1, 2021",241,0.4041,0
RxdzgV8Fths,he's spinning like a ballerina| #catofegypt #shorts #cats,"Oct 13, 2022",162,0.3904,0
2ejQSqWyRMo,Cat of Egypt: Silhouette Challenge | #catofegypt #shorts #cats #silhouettechallenge #dojacat,"Aug 15, 2022",90,0.3345,0
20WkSy05FXk,pov: when you return home after a long day😂|#catofegypt #shorts #cats,"Oct 12, 2022",150,0.3076,2
iiaD7Jfpw7Q,Cat of Egypt: Oscar does Dancy dance || #catofegypt #cats #shorts #kitty #stereolove #reels,"Aug 3, 2022",120,0.2891,1
YPBw13vddoY,POV: You're being watched by Demon Caet | #catofegypt #shorts #cats,"Sep 6, 2022",138,0.2825,0
bOeJsJQOD1s,Cat of Egypt: travels to Beach 🏖 #shorts #beach #oscarthecat #catofegypt,"Oct 13, 2021",70,0.2722,2
JOp-ZdIwwAo,Ahhhhhhhhhhhhhhhhhh| #shorts #catofegypt #cats,"Oct 2, 2022",56,0.2609,0
QVcRBrH7yzg,Cat of Egypt: I'm a kitty cat 🐱 | #catofegypt #shorts #cats #kittycat #kitty,"Jul 13, 2022",51,0.2605,0
EkFHhP2lb2w,This caet🐈 turned into Super Saiyan real fast😳 | #catofegypt #shorts,"Nov 3, 2022",85,0.239,1
lt2UVorgorA,Cat of Egypt: Sorry Bout That| #shorts #cats #catofegypt #sorryboutthat #yeat,"Jan 24, 2022",90,0.2375,0
y6xj7NgaVN4,The Cat of Egypt steals the show again with his cuteness😍 | #shorts #catofegypt #cats,"Nov 8, 2022",94,0.2239,0
tAGu_KuiVkc,Cat of Egypt: That's why I like cats|#shorts #cats #catofegypt #thanks,"Nov 27, 2021",63,0.2036,0
BQEaIv8CHmE,Cat of Egypt: It's called A THRONE| #shorts #catofegypt #cats #catvideos,"Jan 31, 2022",63,0.1946,0
pSrLG91SEHQ,I wanna ruinner our friendship| #catofegypt #shorts #cats,"Oct 10, 2022",73,0.1579,0
Kb3w82eRqhU,Cat of Egypt: Extravagant Toons| #catofegypt #shorts #cats,"Aug 5, 2022",48,0.1397,0
AXYWSRABRdU,Cat of Egypt: Welcome to Jurrasic Park ft. my cat| #catofegypt #shorts #cats #jurassicpark,"Aug 18, 2022",35,0.1367,0
YTnw6IWIlQM,Vibe With Cat of Egypt🐱🥰| #shorts #catofegypt #cats,"Nov 11, 2022",16,0.0954,0
JX8lkyOgb6g,Cat of egypt: Let's vibe😎💥🎊 | #catofegypt #shorts,"Oct 11, 2022",31,0.0796,0
JUa0OVATGRY,Cat of Egypt: POV: You're watching Caet ASMR Part 2| #catofegypt #shorts #asmr #catasmr,"Aug 20, 2022",26,0.0764,0
zpwE9w7zPfo,Cat of Egypt: Cat playing Hide & Seek | #catofegypt #shorts #hideandseek #cats #kitty,"Aug 16, 2022",28,0.0564,0
E8AYFAu45m0,Click Here to squish a CAT 🐈 | #catofegypt #shorts,"Oct 30, 2022",19,0.0525,0
DAN_XXQWN0Q,When your Parents allow you to bring a caet🐱 home| #catofegypt #shorts #cats,"Oct 10, 2022",21,0.0482,0
I_2paW66u2A,cat of egypt is a lil' too hangry | #shorts #cats #catofegypt,"Oct 2, 2022",16,0.0302,0
_f6xp4QNWZg,"Open the door, Surprise is waiting for you😍♥️ | #shorts #catofegypt #cats","Nov 9, 2022",11,0.0294,0
